config_key,model_name,sampling,rank,class_weight_applied,params,cv_f1,cv_auc,cv_accuracy,cv_precision,cv_recall,cal_f1,cal_auc,cal_accuracy,cal_precision,cal_recall,model_path
NaiveBayes__baseline,NaiveBayes,baseline,1,False,"{""model__var_smoothing"": 1e-07}",0.5841091615075991,0.6866140779667237,0.6359479975569322,0.5936634405149419,0.5749359294735542,0.5899396378269618,0.6933930476668198,0.6404082629821657,0.5984425045531621,0.5816750091563911,models\NaiveBayes__baseline_rank1.joblib
NaiveBayes__baseline,NaiveBayes,baseline,2,False,"{""model__var_smoothing"": 1e-09}",0.5841091615075991,0.6866140443975265,0.6359479975569322,0.5936634405149419,0.5749359294735542,0.5899396378269618,0.6933930088755064,0.6404082629821657,0.5984425045531621,0.5816750091563911,models\NaiveBayes__baseline_rank2.joblib
NaiveBayes__baseline,NaiveBayes,baseline,3,False,"{""model__var_smoothing"": 1e-08}",0.5841091615075991,0.6866140443975265,0.6359479975569322,0.5936634405149419,0.5749359294735542,0.5899396378269618,0.6933930118594536,0.6404082629821657,0.5984425045531621,0.5816750091563911,models\NaiveBayes__baseline_rank3.joblib
NaiveBayes__class_weight,NaiveBayes,class_weight,1,False,"{""model__var_smoothing"": 1e-07}",0.5841091615075991,0.6866140779667237,0.6359479975569322,0.5936634405149419,0.5749359294735542,0.5899396378269618,0.6933930476668198,0.6404082629821657,0.5984425045531621,0.5816750091563911,models\NaiveBayes__class_weight_rank1.joblib
NaiveBayes__class_weight,NaiveBayes,class_weight,2,False,"{""model__var_smoothing"": 1e-09}",0.5841091615075991,0.6866140443975265,0.6359479975569322,0.5936634405149419,0.5749359294735542,0.5899396378269618,0.6933930088755064,0.6404082629821657,0.5984425045531621,0.5816750091563911,models\NaiveBayes__class_weight_rank2.joblib
NaiveBayes__class_weight,NaiveBayes,class_weight,3,False,"{""model__var_smoothing"": 1e-08}",0.5841091615075991,0.6866140443975265,0.6359479975569322,0.5936634405149419,0.5749359294735542,0.5899396378269618,0.6933930118594536,0.6404082629821657,0.5984425045531621,0.5816750091563911,models\NaiveBayes__class_weight_rank3.joblib
NaiveBayes__smote,NaiveBayes,smote,1,False,"{""model__var_smoothing"": 1e-07}",0.6092634408200424,0.6833837790427678,0.633848122618736,0.5798351752226759,0.6419322787796837,0.6153935285768083,0.6920423356221224,0.6395939086294417,0.5855890622415789,0.6483945794164326,models\NaiveBayes__smote_rank1.joblib
NaiveBayes__smote,NaiveBayes,smote,2,False,"{""model__var_smoothing"": 1e-09}",0.6092634408200424,0.6833837262908318,0.633848122618736,0.5798351752226759,0.6419322787796837,0.6153935285768083,0.692042252071601,0.6395939086294417,0.5855890622415789,0.6483945794164326,models\NaiveBayes__smote_rank2.joblib
NaiveBayes__smote,NaiveBayes,smote,3,False,"{""model__var_smoothing"": 1e-08}",0.6092634408200424,0.6833837256057675,0.633848122618736,0.5798351752226759,0.6419322787796837,0.6153935285768083,0.6920422669913369,0.6395939086294417,0.5855890622415789,0.6483945794164326,models\NaiveBayes__smote_rank3.joblib
NaiveBayes__adasyn,NaiveBayes,adasyn,1,False,"{""model__var_smoothing"": 1e-07}",0.6057948134362912,0.6853531871337106,0.6351510921094727,0.5830797393595845,0.6304086858395996,0.6115552431989224,0.6929410855971093,0.6399196503705312,0.5877188045252434,0.6374069100231962,models\NaiveBayes__adasyn_rank1.joblib
NaiveBayes__adasyn,NaiveBayes,adasyn,2,False,"{""model__var_smoothing"": 1e-08}",0.6057948134362912,0.6853530953319915,0.6351510921094727,0.5830797393595845,0.6304086858395996,0.6115552431989224,0.6929410020465878,0.6399196503705312,0.5877188045252434,0.6374069100231962,models\NaiveBayes__adasyn_rank2.joblib
NaiveBayes__adasyn,NaiveBayes,adasyn,3,False,"{""model__var_smoothing"": 1e-09}",0.6057948134362912,0.6853530912214806,0.6351510921094727,0.5830797393595845,0.6304086858395996,0.6115552431989224,0.6929409871268519,0.6399196503705312,0.5877188045252434,0.6374069100231962,models\NaiveBayes__adasyn_rank3.joblib
NaiveBayes__smote_class_weight,NaiveBayes,smote_class_weight,1,False,"{""model__var_smoothing"": 1e-07}",0.6092634408200424,0.6833837790427678,0.633848122618736,0.5798351752226759,0.6419322787796837,0.6153935285768083,0.6920423356221224,0.6395939086294417,0.5855890622415789,0.6483945794164326,models\NaiveBayes__smote_class_weight_rank1.joblib
NaiveBayes__smote_class_weight,NaiveBayes,smote_class_weight,2,False,"{""model__var_smoothing"": 1e-09}",0.6092634408200424,0.6833837262908318,0.633848122618736,0.5798351752226759,0.6419322787796837,0.6153935285768083,0.692042252071601,0.6395939086294417,0.5855890622415789,0.6483945794164326,models\NaiveBayes__smote_class_weight_rank2.joblib
NaiveBayes__smote_class_weight,NaiveBayes,smote_class_weight,3,False,"{""model__var_smoothing"": 1e-08}",0.6092634408200424,0.6833837256057675,0.633848122618736,0.5798351752226759,0.6419322787796837,0.6153935285768083,0.6920422669913369,0.6395939086294417,0.5855890622415789,0.6483945794164326,models\NaiveBayes__smote_class_weight_rank3.joblib
NaiveBayes__adasyn_class_weight,NaiveBayes,adasyn_class_weight,1,False,"{""model__var_smoothing"": 1e-07}",0.6057948134362912,0.6853531871337106,0.6351510921094727,0.5830797393595845,0.6304086858395996,0.6115552431989224,0.6929410855971093,0.6399196503705312,0.5877188045252434,0.6374069100231962,models\NaiveBayes__adasyn_class_weight_rank1.joblib
NaiveBayes__adasyn_class_weight,NaiveBayes,adasyn_class_weight,2,False,"{""model__var_smoothing"": 1e-08}",0.6057948134362912,0.6853530953319915,0.6351510921094727,0.5830797393595845,0.6304086858395996,0.6115552431989224,0.6929410020465878,0.6399196503705312,0.5877188045252434,0.6374069100231962,models\NaiveBayes__adasyn_class_weight_rank2.joblib
NaiveBayes__adasyn_class_weight,NaiveBayes,adasyn_class_weight,3,False,"{""model__var_smoothing"": 1e-09}",0.6057948134362912,0.6853530912214806,0.6351510921094727,0.5830797393595845,0.6304086858395996,0.6115552431989224,0.6929409871268519,0.6399196503705312,0.5877188045252434,0.6374069100231962,models\NaiveBayes__adasyn_class_weight_rank3.joblib
kNN__baseline,kNN,baseline,1,False,"{""model__metric"": ""manhattan"", ""model__n_neighbors"": 15, ""model__weights"": ""uniform""}",0.5610807436703907,0.6723086214877779,0.6254777070063694,0.5858922639046084,0.5382986593763139,0.5670493210799122,0.6772872299885118,0.630418849588751,0.5918353800199138,0.5442558906116469,models\kNN__baseline_rank1.joblib
kNN__baseline,kNN,baseline,2,False,"{""model__metric"": ""manhattan"", ""model__n_neighbors"": 15, ""model__weights"": ""distance""}",0.5605833533268817,0.6728646819278927,0.6256347613646279,0.586360500841839,0.5369906636625528,0.5672125934170774,0.6777587503401028,0.6305817204592958,0.5920467370377747,0.5443779758271273,models\kNN__baseline_rank2.joblib
kNN__baseline,kNN,baseline,3,False,"{""model__metric"": ""euclidean"", ""model__n_neighbors"": 15, ""model__weights"": ""uniform""}",0.5600100346000139,0.6719462645228109,0.6254718901782856,0.5863261132412856,0.5359834540201325,0.5667281868516515,0.6797835166601858,0.6303917044436602,0.59193033767615,0.5435844219265047,models\kNN__baseline_rank3.joblib
kNN__class_weight,kNN,class_weight,1,False,"{""model__metric"": ""manhattan"", ""model__n_neighbors"": 15, ""model__weights"": ""uniform""}",0.5610807436703907,0.6723086214877779,0.6254777070063694,0.5858922639046084,0.5382986593763139,0.5670493210799122,0.6772872299885118,0.630418849588751,0.5918353800199138,0.5442558906116469,models\kNN__class_weight_rank1.joblib
kNN__class_weight,kNN,class_weight,2,False,"{""model__metric"": ""manhattan"", ""model__n_neighbors"": 15, ""model__weights"": ""distance""}",0.5605833533268817,0.6728646819278927,0.6256347613646279,0.586360500841839,0.5369906636625528,0.5672125934170774,0.6777587503401028,0.6305817204592958,0.5920467370377747,0.5443779758271273,models\kNN__class_weight_rank2.joblib
kNN__class_weight,kNN,class_weight,3,False,"{""model__metric"": ""euclidean"", ""model__n_neighbors"": 15, ""model__weights"": ""uniform""}",0.5600100346000139,0.6719462645228109,0.6254718901782856,0.5863261132412856,0.5359834540201325,0.5667281868516515,0.6797835166601858,0.6303917044436602,0.59193033767615,0.5435844219265047,models\kNN__class_weight_rank3.joblib
kNN__smote,kNN,smote,1,False,"{""model__metric"": ""euclidean"", ""model__n_neighbors"": 15, ""model__weights"": ""uniform""}",0.61514938583586,0.6655734714308851,0.6149841491434721,0.5537064094780545,0.6919374751148838,0.6224522983521249,0.6740063039584561,0.6218681288851489,0.5597640635663449,0.7009522646807471,models\kNN__smote_rank1.joblib
kNN__smote,kNN,smote,2,False,"{""model__metric"": ""euclidean"", ""model__n_neighbors"": 15, ""model__weights"": ""distance""}",0.6146373104931098,0.6657479480989995,0.6148445452694646,0.5536737401642858,0.6906948773476269,0.620738289620006,0.6740313959704072,0.6204294361953364,0.5585493239615366,0.698510560371139,models\kNN__smote_rank2.joblib
kNN__smote,kNN,smote,3,False,"{""model__metric"": ""euclidean"", ""model__n_neighbors"": 13, ""model__weights"": ""uniform""}",0.6114966339815366,0.6611329054430858,0.6123665765058314,0.5515997380664399,0.6859991465332737,0.6175117715903214,0.6691785802697938,0.6185292760389804,0.5571982906822536,0.692467342204859,models\kNN__smote_rank3.joblib
kNN__adasyn,kNN,adasyn,1,False,"{""model__metric"": ""euclidean"", ""model__n_neighbors"": 15, ""model__weights"": ""uniform""}",0.5971390474901248,0.6548395560632585,0.6087310589535526,0.550744422496121,0.6520824121910669,0.6027596223674655,0.6623807039545602,0.6139417465186351,0.5556127703398558,0.6586497375167867,models\kNN__adasyn_rank1.joblib
kNN__adasyn,kNN,adasyn,2,False,"{""model__metric"": ""euclidean"", ""model__n_neighbors"": 15, ""model__weights"": ""distance""}",0.5966798691625106,0.6554292282572053,0.6083994997527847,0.5504564289294009,0.6513891759940006,0.6017377699550192,0.6632432183668013,0.6130459567306388,0.5547885219720777,0.6573678427542424,models\kNN__adasyn_rank2.joblib
kNN__adasyn,kNN,adasyn,3,False,"{""model__metric"": ""euclidean"", ""model__n_neighbors"": 13, ""model__weights"": ""uniform""}",0.5924124850136624,0.649187803384289,0.6043858883750691,0.5466767794745157,0.6465103095435791,0.5985647006055169,0.6579545867347423,0.6112815222997366,0.5534473820632452,0.6516908802344036,models\kNN__adasyn_rank3.joblib
kNN__smote_class_weight,kNN,smote_class_weight,1,False,"{""model__metric"": ""euclidean"", ""model__n_neighbors"": 15, ""model__weights"": ""uniform""}",0.61514938583586,0.6655734714308851,0.6149841491434721,0.5537064094780545,0.6919374751148838,0.6224522983521249,0.6740063039584561,0.6218681288851489,0.5597640635663449,0.7009522646807471,models\kNN__smote_class_weight_rank1.joblib
kNN__smote_class_weight,kNN,smote_class_weight,2,False,"{""model__metric"": ""euclidean"", ""model__n_neighbors"": 15, ""model__weights"": ""distance""}",0.6146373104931098,0.6657479480989995,0.6148445452694646,0.5536737401642858,0.6906948773476269,0.620738289620006,0.6740313959704072,0.6204294361953364,0.5585493239615366,0.698510560371139,models\kNN__smote_class_weight_rank2.joblib
kNN__smote_class_weight,kNN,smote_class_weight,3,False,"{""model__metric"": ""euclidean"", ""model__n_neighbors"": 13, ""model__weights"": ""uniform""}",0.6114966339815366,0.6611329054430858,0.6123665765058314,0.5515997380664399,0.6859991465332737,0.6175117715903214,0.6691785802697938,0.6185292760389804,0.5571982906822536,0.692467342204859,models\kNN__smote_class_weight_rank3.joblib
kNN__adasyn_class_weight,kNN,adasyn_class_weight,1,False,"{""model__metric"": ""euclidean"", ""model__n_neighbors"": 15, ""model__weights"": ""uniform""}",0.5971390474901248,0.6548395560632585,0.6087310589535526,0.550744422496121,0.6520824121910669,0.6027596223674655,0.6623807039545602,0.6139417465186351,0.5556127703398558,0.6586497375167867,models\kNN__adasyn_class_weight_rank1.joblib
kNN__adasyn_class_weight,kNN,adasyn_class_weight,2,False,"{""model__metric"": ""euclidean"", ""model__n_neighbors"": 15, ""model__weights"": ""distance""}",0.5966798691625106,0.6554292282572053,0.6083994997527847,0.5504564289294009,0.6513891759940006,0.6017377699550192,0.6632432183668013,0.6130459567306388,0.5547885219720777,0.6573678427542424,models\kNN__adasyn_class_weight_rank2.joblib
kNN__adasyn_class_weight,kNN,adasyn_class_weight,3,False,"{""model__metric"": ""euclidean"", ""model__n_neighbors"": 13, ""model__weights"": ""uniform""}",0.5924124850136624,0.649187803384289,0.6043858883750691,0.5466767794745157,0.6465103095435791,0.5985647006055169,0.6579545867347423,0.6112815222997366,0.5534473820632452,0.6516908802344036,models\kNN__adasyn_class_weight_rank3.joblib
RandomForest__baseline,RandomForest,baseline,1,False,"{""model__max_depth"": 10, ""model__min_samples_leaf"": 2, ""model__min_samples_split"": 2, ""model__n_estimators"": 200}",0.6116669516393649,0.7196195952188212,0.6596922897943751,0.6209519030589459,0.6026657109755504,0.6188071262587141,0.7266916111522688,0.6660332799478813,0.6283269363870887,0.6095714808936638,models\RandomForest__baseline_rank1.joblib
RandomForest__baseline,RandomForest,baseline,2,False,"{""model__max_depth"": 20, ""model__min_samples_leaf"": 2, ""model__min_samples_split"": 5, ""model__n_estimators"": 200}",0.6112735442954287,0.716110863038227,0.6577960038391065,0.6176811858750442,0.6050201995822145,0.6195049870705578,0.7240316639288653,0.6644860066777057,0.6248913178487144,0.6142107190819192,models\RandomForest__baseline_rank2.joblib
RandomForest__baseline,RandomForest,baseline,3,False,"{""model__max_depth"": 10, ""model__min_samples_leaf"": 2, ""model__min_samples_split"": 5, ""model__n_estimators"": 200}",0.6112522514680101,0.7194487470665403,0.659529418608033,0.6209028234028932,0.6019071161819541,0.6186076692519235,0.7261631899116422,0.6649474741442493,0.6263688129653964,0.6110365034794286,models\RandomForest__baseline_rank3.joblib
RandomForest__class_weight,RandomForest,class_weight,1,True,"{""model__class_weight"": ""balanced"", ""model__max_depth"": 10, ""model__min_samples_leaf"": 2, ""model__min_samples_split"": 5, ""model__n_estimators"": 200}",0.6543652623497799,0.7190060568136702,0.6526422941569962,0.5868838588779932,0.7394052071735515,0.6595847937449447,0.7263140493299107,0.6572653980835528,0.5906895885648059,0.7466731778781589,models\RandomForest__class_weight_rank1.joblib
RandomForest__class_weight,RandomForest,class_weight,2,True,"{""model__class_weight"": ""balanced"", ""model__max_depth"": 10, ""model__min_samples_leaf"": 1, ""model__min_samples_split"": 2, ""model__n_estimators"": 200}",0.6541763628536252,0.7191255799776644,0.6528284326556729,0.5872204759756474,0.7383849495928967,0.6599313865852671,0.7267329820881347,0.6582697684519124,0.5918980471967825,0.7456354535465755,models\RandomForest__class_weight_rank2.joblib
RandomForest__class_weight,RandomForest,class_weight,3,True,"{""model__class_weight"": ""balanced"", ""model__max_depth"": 10, ""model__min_samples_leaf"": 1, ""model__min_samples_split"": 5, ""model__n_estimators"": 200}",0.654063132119812,0.7190680183888224,0.6523979873774831,0.5866976472738108,0.7389343393924168,0.6591982723714401,0.7263729822869851,0.6572925432286436,0.5909112907128684,0.7453302405078744,models\RandomForest__class_weight_rank3.joblib
RandomForest__smote,RandomForest,smote,1,False,"{""model__max_depth"": 10, ""model__min_samples_leaf"": 2, ""model__min_samples_split"": 5, ""model__n_estimators"": 200}",0.6531263872916744,0.7186756649847561,0.6532007096530262,0.588203618024064,0.7341862534371881,0.6577173913043478,0.7260019015979318,0.6580797524362768,0.5927123126652953,0.7387376388719326,models\RandomForest__smote_rank1.joblib
RandomForest__smote,RandomForest,smote,2,False,"{""model__max_depth"": 10, ""model__min_samples_leaf"": 1, ""model__min_samples_split"": 2, ""model__n_estimators"": 200}",0.6529822669802778,0.718672367958441,0.6532646947619464,0.5883573745778471,0.7335845957510839,0.6582910482185982,0.7258484401777103,0.6581611878715492,0.5925455522446388,0.7404468318886582,models\RandomForest__smote_rank2.joblib
RandomForest__smote,RandomForest,smote,3,False,"{""model__max_depth"": 10, ""model__min_samples_leaf"": 2, ""model__min_samples_split"": 2, ""model__n_estimators"": 200}",0.6529574168676112,0.718576302793805,0.6529215019050112,0.5879021640746087,0.7342254981931304,0.6580168833636437,0.7260754767838853,0.6579983170010044,0.592453199081089,0.7398974484189964,models\RandomForest__smote_rank3.joblib
RandomForest__adasyn,RandomForest,adasyn,1,False,"{""model__max_depth"": 10, ""model__min_samples_leaf"": 2, ""model__min_samples_split"": 5, ""model__n_estimators"": 200}",0.6436304274619319,0.7196931626017586,0.6570689003286508,0.5983252490074584,0.6963716363845089,0.6499690785405071,0.7273278036136879,0.6619886533293521,0.6023864110045852,0.7057135880844829,models\RandomForest__adasyn_rank1.joblib
RandomForest__adasyn,RandomForest,adasyn,2,False,"{""model__max_depth"": 10, ""model__min_samples_leaf"": 1, ""model__min_samples_split"": 5, ""model__n_estimators"": 200}",0.6435595420021853,0.7196042085120415,0.6565628362853736,0.5976033535227125,0.697182595728757,0.6498140006763612,0.7271309824567955,0.6626944271017129,0.6035493665584756,0.7037602246367964,models\RandomForest__adasyn_rank2.joblib
RandomForest__adasyn,RandomForest,adasyn,3,False,"{""model__max_depth"": 10, ""model__min_samples_leaf"": 2, ""model__min_samples_split"": 5, ""model__n_estimators"": 100}",0.643294411942749,0.7192962474657089,0.657033999360149,0.5984493294790956,0.6954298725929097,0.6494222172238311,0.7267622292465533,0.6615271858628085,0.6019807140995569,0.7049810767916005,models\RandomForest__adasyn_rank3.joblib
RandomForest__smote_class_weight,RandomForest,smote_class_weight,1,True,"{""model__class_weight"": ""balanced"", ""model__max_depth"": 10, ""model__min_samples_leaf"": 2, ""model__min_samples_split"": 5, ""model__n_estimators"": 200}",0.6531263872916744,0.7186756649847561,0.6532007096530262,0.588203618024064,0.7341862534371881,0.6577173913043478,0.7260019015979318,0.6580797524362768,0.5927123126652953,0.7387376388719326,models\RandomForest__smote_class_weight_rank1.joblib
RandomForest__smote_class_weight,RandomForest,smote_class_weight,2,True,"{""model__class_weight"": ""balanced"", ""model__max_depth"": 10, ""model__min_samples_leaf"": 1, ""model__min_samples_split"": 2, ""model__n_estimators"": 200}",0.6529822669802778,0.718672367958441,0.6532646947619464,0.5883573745778471,0.7335845957510839,0.6582910482185982,0.7258484401777103,0.6581611878715492,0.5925455522446388,0.7404468318886582,models\RandomForest__smote_class_weight_rank2.joblib
RandomForest__smote_class_weight,RandomForest,smote_class_weight,3,True,"{""model__class_weight"": ""balanced"", ""model__max_depth"": 10, ""model__min_samples_leaf"": 2, ""model__min_samples_split"": 2, ""model__n_estimators"": 200}",0.6529574168676112,0.718576302793805,0.6529215019050112,0.5879021640746087,0.7342254981931304,0.6580168833636437,0.7260754767838853,0.6579983170010044,0.592453199081089,0.7398974484189964,models\RandomForest__smote_class_weight_rank3.joblib
RandomForest__adasyn_class_weight,RandomForest,adasyn_class_weight,1,True,"{""model__class_weight"": ""balanced"", ""model__max_depth"": 10, ""model__min_samples_leaf"": 1, ""model__min_samples_split"": 2, ""model__n_estimators"": 200}",0.6564993350255078,0.7193934146708159,0.6517290521478637,0.5847253510952412,0.7483781416196167,0.6618247843849296,0.7266852792163239,0.6562067374250116,0.588210166595472,0.7565010377243316,models\RandomForest__adasyn_class_weight_rank1.joblib
RandomForest__adasyn_class_weight,RandomForest,adasyn_class_weight,2,True,"{""model__class_weight"": ""balanced"", ""model__max_depth"": 10, ""model__min_samples_leaf"": 1, ""model__min_samples_split"": 5, ""model__n_estimators"": 200}",0.6563922295368021,0.719326989354848,0.6516999680074456,0.5847281226544645,0.7480903838115232,0.6615170791682258,0.7271605444216429,0.6562338825701023,0.5883891213389121,0.755402270785008,models\RandomForest__adasyn_class_weight_rank2.joblib
RandomForest__adasyn_class_weight,RandomForest,adasyn_class_weight,3,True,"{""model__class_weight"": ""balanced"", ""model__max_depth"": 10, ""model__min_samples_leaf"": 2, ""model__min_samples_split"": 5, ""model__n_estimators"": 200}",0.65603745260805,0.7192953827415958,0.6510659337463282,0.5840586926361968,0.7482735134595517,0.6617867065612311,0.7269709354651177,0.6563424631504655,0.5884085510688836,0.7560737394701502,models\RandomForest__adasyn_class_weight_rank3.joblib
AdaBoost__baseline,AdaBoost,baseline,1,False,"{""model__learning_rate"": 0.01, ""model__n_estimators"": 100}",0.6400562825868297,0.6827349074727063,0.6212081551929733,0.5542830930870294,0.7573247757404328,0.6416649280200292,0.6869646451850757,0.627025706452401,0.5601493488753301,0.7509461604199732,models\AdaBoost__baseline_rank1.joblib
AdaBoost__baseline,AdaBoost,baseline,2,False,"{""model__learning_rate"": 0.01, ""model__n_estimators"": 50}",0.638472470999884,0.6757735144360831,0.6151121193613123,0.5482535806022206,0.7645581530388081,0.6427299099190799,0.6781927221921829,0.6188821629251609,0.5510996683539885,0.7709070931510195,models\AdaBoost__baseline_rank2.joblib
AdaBoost__baseline,AdaBoost,baseline,3,False,"{""model__learning_rate"": 1.0, ""model__n_estimators"": 100}",0.6083552969801309,0.7186375213699988,0.658691795363988,0.6211364786530441,0.5961125698403233,0.6113733704317379,0.7263927375093805,0.6625587013762588,0.6265940403716758,0.5968746184837016,models\AdaBoost__baseline_rank3.joblib
AdaBoost__class_weight,AdaBoost,class_weight,1,False,"{""model__learning_rate"": 0.01, ""model__n_estimators"": 100}",0.6400562825868297,0.6827349074727063,0.6212081551929733,0.5542830930870294,0.7573247757404328,0.6416649280200292,0.6869646451850757,0.627025706452401,0.5601493488753301,0.7509461604199732,models\AdaBoost__class_weight_rank1.joblib
AdaBoost__class_weight,AdaBoost,class_weight,2,False,"{""model__learning_rate"": 0.01, ""model__n_estimators"": 50}",0.638472470999884,0.6757735144360831,0.6151121193613123,0.5482535806022206,0.7645581530388081,0.6427299099190799,0.6781927221921829,0.6188821629251609,0.5510996683539885,0.7709070931510195,models\AdaBoost__class_weight_rank2.joblib
AdaBoost__class_weight,AdaBoost,class_weight,3,False,"{""model__learning_rate"": 1.0, ""model__n_estimators"": 100}",0.6083552969801309,0.7186375213699988,0.658691795363988,0.6211364786530441,0.5961125698403233,0.6113733704317379,0.7263927375093805,0.6625587013762588,0.6265940403716758,0.5968746184837016,models\AdaBoost__class_weight_rank3.joblib
AdaBoost__smote,AdaBoost,smote,1,False,"{""model__learning_rate"": 0.01, ""model__n_estimators"": 200}",0.6545147012334545,0.6955557104302825,0.6225518424802955,0.5519130628865934,0.804007937745261,0.6579968171871892,0.7020885711677404,0.6266456744211297,0.5551313249979022,0.8076547430106215,models\AdaBoost__smote_rank1.joblib
AdaBoost__smote,AdaBoost,smote,2,False,"{""model__learning_rate"": 0.1, ""model__n_estimators"": 50}",0.6505636451315935,0.7046079182638394,0.6391647034871883,0.571345664595093,0.7553105386630821,0.6551570330333482,0.7107080189349592,0.6432313580716089,0.574524872302241,0.7621169576364303,models\AdaBoost__smote_rank2.joblib
AdaBoost__smote,AdaBoost,smote,3,False,"{""model__learning_rate"": 0.01, ""model__n_estimators"": 100}",0.6498794324611936,0.68913401954087,0.6159264752930228,0.5464846440143737,0.8015487713633471,0.6522779408500037,0.6945618791782235,0.6173348896549852,0.547290864688108,0.8071053595409596,models\AdaBoost__smote_rank3.joblib
AdaBoost__adasyn,AdaBoost,adasyn,1,False,"{""model__learning_rate"": 0.01, ""model__n_estimators"": 100}",0.6503789292263418,0.6882385127524826,0.6160195445423611,0.5464597137768681,0.8031183468870472,0.6521340178062148,0.6948166053223819,0.6192350498113413,0.5491834092143185,0.8025882065681846,models\AdaBoost__adasyn_rank1.joblib
AdaBoost__adasyn,AdaBoost,adasyn,2,False,"{""model__learning_rate"": 0.01, ""model__n_estimators"": 200}",0.6501861464157962,0.692735848667227,0.625500974318704,0.556102998518166,0.7826087202366098,0.654003402828919,0.6990323289014974,0.630147398137843,0.5599426012088533,0.7860456598705897,models\AdaBoost__adasyn_rank2.joblib
AdaBoost__adasyn,AdaBoost,adasyn,3,False,"{""model__learning_rate"": 0.01, ""model__n_estimators"": 50}",0.6448434685347486,0.6761771896290214,0.6132158334060437,0.544960878959538,0.7896065648417645,0.6469665662575618,0.6809893580686321,0.615054697467358,0.5462647664690797,0.7931876449761934,models\AdaBoost__adasyn_rank3.joblib
AdaBoost__smote_class_weight,AdaBoost,smote_class_weight,1,False,"{""model__learning_rate"": 0.01, ""model__n_estimators"": 200}",0.6545147012334545,0.6955557104302825,0.6225518424802955,0.5519130628865934,0.804007937745261,0.6579968171871892,0.7020885711677404,0.6266456744211297,0.5551313249979022,0.8076547430106215,models\AdaBoost__smote_class_weight_rank1.joblib
AdaBoost__smote_class_weight,AdaBoost,smote_class_weight,2,False,"{""model__learning_rate"": 0.1, ""model__n_estimators"": 50}",0.6505636451315935,0.7046079182638394,0.6391647034871883,0.571345664595093,0.7553105386630821,0.6551570330333482,0.7107080189349592,0.6432313580716089,0.574524872302241,0.7621169576364303,models\AdaBoost__smote_class_weight_rank2.joblib
AdaBoost__smote_class_weight,AdaBoost,smote_class_weight,3,False,"{""model__learning_rate"": 0.01, ""model__n_estimators"": 100}",0.6498794324611936,0.68913401954087,0.6159264752930228,0.5464846440143737,0.8015487713633471,0.6522779408500037,0.6945618791782235,0.6173348896549852,0.547290864688108,0.8071053595409596,models\AdaBoost__smote_class_weight_rank3.joblib
AdaBoost__adasyn_class_weight,AdaBoost,adasyn_class_weight,1,False,"{""model__learning_rate"": 0.01, ""model__n_estimators"": 100}",0.6503789292263418,0.6882385127524826,0.6160195445423611,0.5464597137768681,0.8031183468870472,0.6521340178062148,0.6948166053223819,0.6192350498113413,0.5491834092143185,0.8025882065681846,models\AdaBoost__adasyn_class_weight_rank1.joblib
AdaBoost__adasyn_class_weight,AdaBoost,adasyn_class_weight,2,False,"{""model__learning_rate"": 0.01, ""model__n_estimators"": 200}",0.6501861464157962,0.692735848667227,0.625500974318704,0.556102998518166,0.7826087202366098,0.654003402828919,0.6990323289014974,0.630147398137843,0.5599426012088533,0.7860456598705897,models\AdaBoost__adasyn_class_weight_rank2.joblib
AdaBoost__adasyn_class_weight,AdaBoost,adasyn_class_weight,3,False,"{""model__learning_rate"": 0.01, ""model__n_estimators"": 50}",0.6448434685347486,0.6761771896290214,0.6132158334060437,0.544960878959538,0.7896065648417645,0.6469665662575618,0.6809893580686321,0.615054697467358,0.5462647664690797,0.7931876449761934,models\AdaBoost__adasyn_class_weight_rank3.joblib
XGBoost__baseline,XGBoost,baseline,1,False,"{""model__colsample_bytree"": 1.0, ""model__learning_rate"": 0.1, ""model__max_depth"": 3, ""model__n_estimators"": 100, ""model__subsample"": 0.8}",0.6260070161460802,0.7254878694398237,0.6644213710263793,0.6205778262590359,0.6315597615545532,0.6318427488752679,0.7320183821053833,0.6690192459078694,0.6251419011770329,0.6386888047857404,models\XGBoost__baseline_rank1.joblib
XGBoost__baseline,XGBoost,baseline,2,False,"{""model__colsample_bytree"": 1.0, ""model__learning_rate"": 0.1, ""model__max_depth"": 3, ""model__n_estimators"": 100, ""model__subsample"": 1.0}",0.6259129074572389,0.7253744308747075,0.6639967425762732,0.6198672090505376,0.6320960153061136,0.6322342772522591,0.7317129064793292,0.6696707293900486,0.6260848746034596,0.6385056769625198,models\XGBoost__baseline_rank2.joblib
XGBoost__baseline,XGBoost,baseline,3,False,"{""model__colsample_bytree"": 1.0, ""model__learning_rate"": 0.2, ""model__max_depth"": 3, ""model__n_estimators"": 100, ""model__subsample"": 1.0}",0.6255037556751388,0.7260120511796553,0.6649099845854056,0.6217920860643946,0.6292838197738668,0.6327666525500635,0.7333502714111834,0.6704579385976818,0.6271887742863996,0.6384446343547796,models\XGBoost__baseline_rank3.joblib
XGBoost__class_weight,XGBoost,class_weight,1,True,"{""model__colsample_bytree"": 0.8, ""model__learning_rate"": 0.1, ""model__max_depth"": 3, ""model__n_estimators"": 100, ""model__scale_pos_weight"": 1.2486658295401036, ""model__subsample"": 0.8}",0.6559883220269986,0.7256295108417621,0.6588197655818282,0.5946261928037613,0.7314917673651757,0.6587366694011485,0.7315117571070326,0.6612285892668096,0.5966415692490589,0.735258210230741,models\XGBoost__class_weight_rank1.joblib
XGBoost__class_weight,XGBoost,class_weight,2,True,"{""model__colsample_bytree"": 1.0, ""model__learning_rate"": 0.1, ""model__max_depth"": 3, ""model__n_estimators"": 200, ""model__scale_pos_weight"": 1.2486658295401036, ""model__subsample"": 0.8}",0.6557678011005171,0.7265063733276343,0.6604252101329146,0.5970281750147068,0.7273453681808152,0.6595657067559777,0.7332058841743776,0.6633730557289829,0.5993015714642055,0.7333048467830545,models\XGBoost__class_weight_rank2.joblib
XGBoost__class_weight,XGBoost,class_weight,3,True,"{""model__colsample_bytree"": 0.8, ""model__learning_rate"": 0.01, ""model__max_depth"": 3, ""model__n_estimators"": 200, ""model__scale_pos_weight"": 1.2486658295401036, ""model__subsample"": 0.8}",0.6557403694895512,0.7176226063072793,0.6512927900415904,0.5844815985408733,0.7468085335894161,0.6604872315418314,0.7240272387351772,0.6549852058959255,0.5872043317184383,0.7546697594921256,models\XGBoost__class_weight_rank3.joblib
XGBoost__smote,XGBoost,smote,1,False,"{""model__colsample_bytree"": 0.8, ""model__learning_rate"": 0.01, ""model__max_depth"": 3, ""model__n_estimators"": 200, ""model__subsample"": 0.8}",0.655392197601089,0.717354553153243,0.6508565279353169,0.5840579371642041,0.7465992661486414,0.6595488480372481,0.7240244890278382,0.6546323190097451,0.5871647053218353,0.7522890977902577,models\XGBoost__smote_rank1.joblib
XGBoost__smote,XGBoost,smote,2,False,"{""model__colsample_bytree"": 0.8, ""model__learning_rate"": 0.01, ""model__max_depth"": 3, ""model__n_estimators"": 200, ""model__subsample"": 1.0}",0.6550606922254301,0.7172028879752662,0.6506878399208911,0.583982267473737,0.7458667715086854,0.65897346649174,0.7238636184667349,0.6542522869784739,0.5869223064816139,0.751190330850934,models\XGBoost__smote_rank2.joblib
XGBoost__smote,XGBoost,smote,3,False,"{""model__colsample_bytree"": 1.0, ""model__learning_rate"": 0.01, ""model__max_depth"": 3, ""model__n_estimators"": 200, ""model__subsample"": 1.0}",0.6548132695202137,0.7170480505674433,0.650443533141378,0.583770598158235,0.7455659221352117,0.6593641464066257,0.7233917594371373,0.6538994000922935,0.5862789813759027,0.7532657795141009,models\XGBoost__smote_rank3.joblib
XGBoost__adasyn,XGBoost,adasyn,1,False,"{""model__colsample_bytree"": 1.0, ""model__learning_rate"": 0.01, ""model__max_depth"": 3, ""model__n_estimators"": 200, ""model__subsample"": 0.8}",0.6466845140089086,0.7175604545324316,0.6551318965767967,0.593957976349915,0.7097395626224687,0.6500861446117935,0.7239554688372758,0.6581883330166399,0.5966639461334422,0.7140153827371505,models\XGBoost__adasyn_rank1.joblib
XGBoost__adasyn,XGBoost,adasyn,2,False,"{""model__colsample_bytree"": 1.0, ""model__learning_rate"": 0.01, ""model__max_depth"": 3, ""model__n_estimators"": 200, ""model__subsample"": 1.0}",0.646147573785764,0.7174667761574961,0.655044644155542,0.5941034535343814,0.7082615450793093,0.6503883954673274,0.723750989379911,0.659138413094818,0.5979012029690299,0.712977658405567,models\XGBoost__adasyn_rank2.joblib
XGBoost__adasyn,XGBoost,adasyn,3,False,"{""model__colsample_bytree"": 0.8, ""model__learning_rate"": 0.01, ""model__max_depth"": 3, ""model__n_estimators"": 200, ""model__subsample"": 0.8}",0.645754851329674,0.7179848069235797,0.6554401884652299,0.5948531532268685,0.7062078699178813,0.6496871958848881,0.72452979959745,0.6579983170010044,0.5965888781085635,0.7131607862287876,models\XGBoost__adasyn_rank3.joblib
XGBoost__smote_class_weight,XGBoost,smote_class_weight,1,True,"{""model__colsample_bytree"": 0.8, ""model__learning_rate"": 0.01, ""model__max_depth"": 6, ""model__n_estimators"": 100, ""model__scale_pos_weight"": 1.2486658295401036, ""model__subsample"": 0.8}",0.6708133153727593,0.721231408305084,0.6284850071256145,0.5535203638266013,0.8512139420038694,0.6762111352133044,0.7284860077971613,0.635332120850186,0.558706388402103,0.856305701379563,models\XGBoost__smote_class_weight_rank1.joblib
XGBoost__smote_class_weight,XGBoost,smote_class_weight,2,True,"{""model__colsample_bytree"": 0.8, ""model__learning_rate"": 0.01, ""model__max_depth"": 6, ""model__n_estimators"": 100, ""model__scale_pos_weight"": 1.2486658295401036, ""model__subsample"": 1.0}",0.6705008889013684,0.7209213887427004,0.6281418142686792,0.5532693742005202,0.8507953660614769,0.6771611783424136,0.7280480717712348,0.6364722169439996,0.5595617529880478,0.8573434257111464,models\XGBoost__smote_class_weight_rank2.joblib
XGBoost__smote_class_weight,XGBoost,smote_class_weight,3,True,"{""model__colsample_bytree"": 0.8, ""model__learning_rate"": 0.01, ""model__max_depth"": 10, ""model__n_estimators"": 100, ""model__scale_pos_weight"": 1.2486658295401036, ""model__subsample"": 0.8}",0.6698706478480523,0.7219082306734709,0.6356862402931681,0.5610201216773355,0.831162138618069,0.6753893159865957,0.7296910584596016,0.642389858573794,0.5662755144202959,0.8365889390794775,models\XGBoost__smote_class_weight_rank3.joblib
XGBoost__adasyn_class_weight,XGBoost,adasyn_class_weight,1,True,"{""model__colsample_bytree"": 0.8, ""model__learning_rate"": 0.01, ""model__max_depth"": 6, ""model__n_estimators"": 100, ""model__scale_pos_weight"": 1.2486658295401036, ""model__subsample"": 1.0}",0.6694970489771247,0.7215097286907071,0.6357967600267574,0.561246259662874,0.829500930691051,0.6753464103763136,0.7286710110311934,0.6419283911072504,0.5657965276918636,0.8375045781955806,models\XGBoost__adasyn_class_weight_rank1.joblib
XGBoost__adasyn_class_weight,XGBoost,adasyn_class_weight,2,True,"{""model__colsample_bytree"": 0.8, ""model__learning_rate"": 0.01, ""model__max_depth"": 6, ""model__n_estimators"": 100, ""model__scale_pos_weight"": 1.2486658295401036, ""model__subsample"": 0.8}",0.6693787004979469,0.7218621265731158,0.6355001017944915,0.5609749578534189,0.8297363778408489,0.675041257173822,0.7289646433708359,0.6418741008170689,0.565842176983111,0.8364668538639971,models\XGBoost__adasyn_class_weight_rank2.joblib
XGBoost__adasyn_class_weight,XGBoost,adasyn_class_weight,3,True,"{""model__colsample_bytree"": 0.8, ""model__learning_rate"": 0.01, ""model__max_depth"": 10, ""model__n_estimators"": 100, ""model__scale_pos_weight"": 1.2486658295401036, ""model__subsample"": 0.8}",0.6680508469750308,0.7226893647619398,0.6421661867783497,0.5685978566643863,0.809697674574771,0.6737838654446571,0.7307466476830333,0.6483075002035886,0.5734121882231936,0.8167500915639117,models\XGBoost__adasyn_class_weight_rank3.joblib
LightGBM__baseline,LightGBM,baseline,1,False,"{""model__learning_rate"": 0.1, ""model__n_estimators"": 100, ""model__num_leaves"": 31}",0.6241553900500605,0.7258629531546811,0.6647471133990634,0.6223643304642179,0.6259744792319604,0.6312689738919247,0.7327754393478805,0.670295067727137,0.6279139992752748,0.634659992674887,models\LightGBM__baseline_rank1.joblib
LightGBM__baseline,LightGBM,baseline,2,False,"{""model__learning_rate"": 0.1, ""model__n_estimators"": 200, ""model__num_leaves"": 31}",0.6228083334419485,0.724825544468009,0.6641945147311171,0.6222128458548419,0.6234238746302972,0.6313902979860879,0.7327253120189746,0.6705936643231358,0.6283934941653062,0.6344158222439262,models\LightGBM__baseline_rank2.joblib
LightGBM__baseline,LightGBM,baseline,3,False,"{""model__learning_rate"": 0.1, ""model__n_estimators"": 100, ""model__num_leaves"": 50}",0.6220319324854897,0.7250567429229156,0.6635546636419161,0.6215360939569343,0.6225475241830186,0.6316717325227964,0.7323566214716235,0.6710551317896795,0.6290713161399685,0.6342937370284458,models\LightGBM__baseline_rank3.joblib
LightGBM__class_weight,LightGBM,class_weight,1,True,"{""model__class_weight"": ""balanced"", ""model__learning_rate"": 0.01, ""model__n_estimators"": 200, ""model__num_leaves"": 50}",0.6553179197256906,0.7238676939836907,0.6583427856789693,0.5942841436340052,0.7303406617100241,0.6585572998000054,0.730233083515484,0.6616900567333532,0.5973954967940752,0.7336711024294957,models\LightGBM__class_weight_rank1.joblib
LightGBM__class_weight,LightGBM,class_weight,2,True,"{""model__class_weight"": ""balanced"", ""model__learning_rate"": 0.01, ""model__n_estimators"": 200, ""model__num_leaves"": 31}",0.6551649558835029,0.7229551018174972,0.657557513887677,0.5932563989198648,0.7315178846275004,0.6590580204778157,0.729438098812182,0.661038573251174,0.5962060959343971,0.7367232328165059,models\LightGBM__class_weight_rank2.joblib
LightGBM__class_weight,LightGBM,class_weight,3,True,"{""model__class_weight"": ""balanced"", ""model__learning_rate"": 0.1, ""model__n_estimators"": 100, ""model__num_leaves"": 31}",0.6549233861600423,0.7257190534550069,0.6602332548061541,0.5971928424896171,0.7250301559811597,0.6593333884707634,0.7330037680031903,0.6645674421129781,0.6011764114423609,0.7299475033573434,models\LightGBM__class_weight_rank3.joblib
LightGBM__smote,LightGBM,smote,1,False,"{""model__learning_rate"": 0.01, ""model__n_estimators"": 100, ""model__num_leaves"": 31}",0.6518800668435959,0.719471636073075,0.6554169211528953,0.5918425729018949,0.7254879801012313,0.6558608962755745,0.7262210650594364,0.6593827194006352,0.5954681274900399,0.7298864607496032,models\LightGBM__smote_rank1.joblib
LightGBM__smote,LightGBM,smote,2,False,"{""model__learning_rate"": 0.01, ""model__n_estimators"": 200, ""model__num_leaves"": 31}",0.6516228320488766,0.7220463727076369,0.6583602361632201,0.596157899603879,0.7184770037252877,0.6559368357121166,0.7290754268863203,0.6616900567333532,0.5987601431379467,0.7251861799536076,models\LightGBM__smote_rank2.joblib
LightGBM__smote,LightGBM,smote,3,False,"{""model__learning_rate"": 0.01, ""model__n_estimators"": 100, ""model__num_leaves"": 50}",0.6510388063293678,0.7209271468912768,0.6579297908850305,0.5958336967352784,0.7175352373673858,0.654385528171936,0.727577319786046,0.6608214120904476,0.5983005411967023,0.7220730069588572,models\LightGBM__smote_rank3.joblib
LightGBM__adasyn,LightGBM,adasyn,1,False,"{""model__learning_rate"": 0.01, ""model__n_estimators"": 200, ""model__num_leaves"": 31}",0.6434822692886999,0.7227330537128258,0.6617863479044876,0.6056716749642282,0.6863391919029387,0.6473576075790435,0.729634509676335,0.6645402969678873,0.6078126674525774,0.6924062995971187,models\LightGBM__adasyn_rank1.joblib
LightGBM__adasyn,LightGBM,adasyn,2,False,"{""model__learning_rate"": 0.01, ""model__n_estimators"": 200, ""model__num_leaves"": 50}",0.6427052820815086,0.7238237215351176,0.6627461245382893,0.6076335201959993,0.6820881859443688,0.646959314161195,0.7306190988602413,0.6657618284969733,0.6100027034333604,0.6886827005249664,models\LightGBM__adasyn_rank2.joblib
LightGBM__adasyn,LightGBM,adasyn,3,False,"{""model__learning_rate"": 0.1, ""model__n_estimators"": 100, ""model__num_leaves"": 31}",0.6375072047560602,0.725753978847077,0.6637524357967601,0.6123112925739039,0.6648747193052984,0.6438600075892467,0.7332183958649605,0.668802084747143,0.616937964982939,0.6732389207666951,models\LightGBM__adasyn_rank3.joblib
LightGBM__smote_class_weight,LightGBM,smote_class_weight,1,True,"{""model__class_weight"": ""balanced"", ""model__learning_rate"": 0.01, ""model__n_estimators"": 100, ""model__num_leaves"": 31}",0.6518800668435959,0.7194716374432393,0.6554169211528953,0.5918425729018949,0.7254879801012313,0.6562517129858028,0.7262257856638967,0.65954559027118,0.5955033824114604,0.7308020998657062,models\LightGBM__smote_class_weight_rank1.joblib
LightGBM__smote_class_weight,LightGBM,smote_class_weight,2,True,"{""model__class_weight"": ""balanced"", ""model__learning_rate"": 0.01, ""model__n_estimators"": 200, ""model__num_leaves"": 31}",0.6516228320488766,0.7220463740778369,0.6583602361632201,0.596157899603879,0.7184770037252877,0.6559368357121166,0.7290754268863203,0.6616900567333532,0.5987601431379467,0.7251861799536076,models\LightGBM__smote_class_weight_rank2.joblib
LightGBM__smote_class_weight,LightGBM,smote_class_weight,3,True,"{""model__class_weight"": ""balanced"", ""model__learning_rate"": 0.01, ""model__n_estimators"": 100, ""model__num_leaves"": 50}",0.6510388063293678,0.7209271455210857,0.6579297908850305,0.5958336967352784,0.7175352373673858,0.654385528171936,0.7275773227699931,0.6608214120904476,0.5983005411967023,0.7220730069588572,models\LightGBM__smote_class_weight_rank3.joblib
LightGBM__adasyn_class_weight,LightGBM,adasyn_class_weight,1,True,"{""model__class_weight"": ""balanced"", ""model__learning_rate"": 0.01, ""model__n_estimators"": 200, ""model__num_leaves"": 31}",0.6559361790047303,0.7227148339881062,0.6571154349533199,0.5922634704624505,0.7349710390604527,0.6594391913922399,0.7296562820470335,0.6597627514319064,0.5942121241798061,0.7407520449273592,models\LightGBM__adasyn_class_weight_rank1.joblib
LightGBM__adasyn_class_weight,LightGBM,adasyn_class_weight,2,True,"{""model__class_weight"": ""balanced"", ""model__learning_rate"": 0.01, ""model__n_estimators"": 100, ""model__num_leaves"": 31}",0.6554015361053521,0.71979664436771,0.6540034319285694,0.5882385687616515,0.7399022854593419,0.6586580086580086,0.7265126459353832,0.6575368495344608,0.5915054913013899,0.7430106214137467,models\LightGBM__adasyn_class_weight_rank2.joblib
LightGBM__adasyn_class_weight,LightGBM,adasyn_class_weight,3,True,"{""model__class_weight"": ""balanced"", ""model__learning_rate"": 0.01, ""model__n_estimators"": 200, ""model__num_leaves"": 50}",0.655269494152041,0.7237099316640154,0.6582438996015473,0.5941738495570269,0.730393030537847,0.6587127845884413,0.7305943977453725,0.6614457504275361,0.596964586846543,0.7347088267610792,models\LightGBM__adasyn_class_weight_rank3.joblib
CatBoost__baseline,CatBoost,baseline,1,False,"{""model__depth"": 4, ""model__iterations"": 1000, ""model__l2_leaf_reg"": 5, ""model__learning_rate"": 0.01}",0.6247946894641258,0.7258072171110812,0.6645958758688886,0.6216761549401996,0.6279627085425672,0.6307473438871568,0.7327292970804518,0.6688563750373245,0.6255779045331732,0.6360029300451715,models\CatBoost__baseline_rank1.joblib
CatBoost__baseline,CatBoost,baseline,2,False,"{""model__depth"": 6, ""model__iterations"": 1000, ""model__l2_leaf_reg"": 7, ""model__learning_rate"": 0.01}",0.6247863518246561,0.7268072407272426,0.6651717418491696,0.622745693352247,0.6268639965228309,0.6315661847170441,0.7337610177102816,0.6700507614213198,0.6272502859895237,0.6359418874374313,models\CatBoost__baseline_rank2.joblib
CatBoost__baseline,CatBoost,baseline,3,False,"{""model__depth"": 4, ""model__iterations"": 1000, ""model__l2_leaf_reg"": 7, ""model__learning_rate"": 0.01}",0.6247855938041056,0.7258109404869694,0.6645551580723031,0.6216071720601317,0.6280150380204158,0.6309192200557103,0.7327862576484311,0.6691006813431418,0.6259161360086507,0.6360029300451715,models\CatBoost__baseline_rank3.joblib
CatBoost__class_weight,CatBoost,class_weight,1,True,"{""model__class_weights"": [1.0, 1.2486658295401036], ""model__depth"": 6, ""model__iterations"": 500, ""model__l2_leaf_reg"": 7, ""model__learning_rate"": 0.01}",0.6577994590398608,0.7255150851852447,0.6581450135241254,0.5927850559485889,0.7388558575794402,0.6609654123907259,0.7324486956382038,0.6610114281060833,0.5951985135928026,0.7430716640214869,models\CatBoost__class_weight_rank1.joblib
CatBoost__class_weight,CatBoost,class_weight,2,True,"{""model__class_weights"": [1.0, 1.2486658295401036], ""model__depth"": 6, ""model__iterations"": 500, ""model__l2_leaf_reg"": 9, ""model__learning_rate"": 0.01}",0.6577338202067469,0.7255243463622922,0.6580926620713725,0.5927467461990299,0.7387512114552566,0.6612355736591989,0.7324525300103476,0.6613643149922637,0.5955583818421953,0.7431937492369673,models\CatBoost__class_weight_rank2.joblib
CatBoost__class_weight,CatBoost,class_weight,3,True,"{""model__class_weights"": [1.0, 1.2486658295401036], ""model__depth"": 4, ""model__iterations"": 1000, ""model__l2_leaf_reg"": 3, ""model__learning_rate"": 0.01}",0.6576893556629843,0.7258416989373127,0.658412587615973,0.5932111014111976,0.7379140929324067,0.6609026644915715,0.7328205849769467,0.6614457504275361,0.5958427296793803,0.7419118544744231,models\CatBoost__class_weight_rank3.joblib
CatBoost__smote,CatBoost,smote,1,False,"{""model__depth"": 4, ""model__iterations"": 500, ""model__l2_leaf_reg"": 5, ""model__learning_rate"": 0.01}",0.6514180354846089,0.7232107089244216,0.6586568943954861,0.5966980626163034,0.7172213913817311,0.6568616609532235,0.731178318911827,0.663074459132984,0.6003031834259727,0.7251861799536076,models\CatBoost__smote_rank1.joblib
CatBoost__smote,CatBoost,smote,2,False,"{""model__depth"": 4, ""model__iterations"": 500, ""model__l2_leaf_reg"": 7, ""model__learning_rate"": 0.01}",0.6513007825301462,0.7231682387598545,0.6587441468167408,0.5968834837656798,0.7166720289561064,0.6567486104582031,0.7311777027267315,0.6630473139878933,0.6003235427935898,0.7248809669149066,models\CatBoost__smote_rank2.joblib
CatBoost__smote,CatBoost,smote,3,False,"{""model__depth"": 4, ""model__iterations"": 500, ""model__l2_leaf_reg"": 3, ""model__learning_rate"": 0.01}",0.6512771712316534,0.7232439779918302,0.6587848646133263,0.596954407701805,0.7165150815834036,0.656447998229256,0.7312097040684097,0.6629387334075301,0.6003238702494813,0.7241484556220241,models\CatBoost__smote_rank3.joblib
CatBoost__adasyn,CatBoost,adasyn,1,False,"{""model__depth"": 4, ""model__iterations"": 500, ""model__l2_leaf_reg"": 9, ""model__learning_rate"": 0.01}",0.6453360190401485,0.7234766578438189,0.6621120902771719,0.6051539840111333,0.6912573176516842,0.6505736680677042,0.7314500475870946,0.6660061348027905,0.6082846521508232,0.6991820290562812,models\CatBoost__adasyn_rank1.joblib
CatBoost__adasyn,CatBoost,adasyn,2,False,"{""model__depth"": 4, ""model__iterations"": 500, ""model__l2_leaf_reg"": 5, ""model__learning_rate"": 0.01}",0.6453165199300525,0.7234893652601201,0.6622051595265102,0.6053076711846345,0.6910088037440987,0.6504175899096643,0.7314633992588127,0.6659518445126089,0.6082890541976621,0.69881577340984,models\CatBoost__adasyn_rank2.joblib
CatBoost__adasyn,CatBoost,adasyn,3,False,"{""model__depth"": 4, ""model__iterations"": 500, ""model__l2_leaf_reg"": 7, ""model__learning_rate"": 0.01}",0.6452158516162839,0.7234990700406052,0.66214117441759,0.6052656047791883,0.6908387716494898,0.6503238268378594,0.7314454538003899,0.6658432639322457,0.6081712889172245,0.6987547308020998,models\CatBoost__adasyn_rank3.joblib
CatBoost__smote_class_weight,CatBoost,smote_class_weight,1,True,"{""model__class_weights"": [1.0, 1.2486658295401036], ""model__depth"": 4, ""model__iterations"": 500, ""model__l2_leaf_reg"": 3, ""model__learning_rate"": 0.01}",0.667061068951189,0.7231471203565364,0.6444114824186371,0.5714919713782839,0.8010386759349544,0.6721840014216446,0.7311375387975053,0.6494747414424931,0.5753835455691251,0.8081430838725431,models\CatBoost__smote_class_weight_rank1.joblib
CatBoost__smote_class_weight,CatBoost,smote_class_weight,2,True,"{""model__class_weights"": [1.0, 1.2486658295401036], ""model__depth"": 4, ""model__iterations"": 500, ""model__l2_leaf_reg"": 5, ""model__learning_rate"": 0.01}",0.6669948825446935,0.7231746529816572,0.6442660617165459,0.5713521537899476,0.8011302518796135,0.6722006447846064,0.7311354992695984,0.6494747414424931,0.5753769936117509,0.8082041264802833,models\CatBoost__smote_class_weight_rank2.joblib
CatBoost__smote_class_weight,CatBoost,smote_class_weight,3,True,"{""model__class_weights"": [1.0, 1.2486658295401036], ""model__depth"": 4, ""model__iterations"": 500, ""model__l2_leaf_reg"": 7, ""model__learning_rate"": 0.01}",0.6669772843327656,0.7231586766194937,0.6441264578425384,0.5711968865184143,0.8013787649317647,0.6724186058314513,0.7311281512996339,0.6495833220228562,0.5754180238870793,0.8087535099499451,models\CatBoost__smote_class_weight_rank3.joblib
CatBoost__adasyn_class_weight,CatBoost,adasyn_class_weight,1,True,"{""model__class_weights"": [1.0, 1.2486658295401036], ""model__depth"": 4, ""model__iterations"": 500, ""model__l2_leaf_reg"": 7, ""model__learning_rate"": 0.01}",0.6660827976627628,0.7233802533600681,0.6460285606258908,0.5737308190552621,0.7938969284735944,0.6711011051985264,0.7314572045844386,0.6510220147126686,0.5776446754161896,0.8006348431204982,models\CatBoost__adasyn_class_weight_rank1.joblib
CatBoost__adasyn_class_weight,CatBoost,adasyn_class_weight,2,True,"{""model__class_weights"": [1.0, 1.2486658295401036], ""model__depth"": 4, ""model__iterations"": 500, ""model__l2_leaf_reg"": 5, ""model__learning_rate"": 0.01}",0.6660649041104065,0.7234310892283593,0.645941308204636,0.573637121511975,0.7940277303546429,0.6713770063743184,0.7314812924981592,0.6515377724693938,0.5781491115911996,0.8004517152972775,models\CatBoost__adasyn_class_weight_rank2.joblib
CatBoost__adasyn_class_weight,CatBoost,adasyn_class_weight,3,True,"{""model__class_weights"": [1.0, 1.2486658295401036], ""model__depth"": 4, ""model__iterations"": 500, ""model__l2_leaf_reg"": 9, ""model__learning_rate"": 0.01}",0.6660426930665554,0.7233825728703835,0.6459005904080505,0.5735969725106035,0.7940408133656807,0.671512669567443,0.7314644690038815,0.6516192079046662,0.578191114245416,0.8007569283359786,models\CatBoost__adasyn_class_weight_rank3.joblib
